Technology,Category,Latency (ms),Film Term Accuracy (%),Browser Compatibility,API Complexity,Cost per 1000 queries (USD),Quality Rating (1-10),Setup Effort,Custom Vocabulary,Streaming Support,Recommendation Tier,Key Strengths,Key Weaknesses,Use Case Fit

# VOICE RECOGNITION TECHNOLOGIES
Web Speech API,Voice Input,800-1200,78%,Chrome/Edge (excellent) Safari/Firefox (limited),Low (native browser API),Free,6.5,Minimal (no API key),No,Yes (continuous),Tier 2 - Fallback,"Zero cost, instant setup, no server needed, works offline","Inconsistent accuracy across browsers, no customization, privacy concerns (sends to Google/Apple)","Perfect fallback when API services fail or for cost-conscious users"
Deepgram,Voice Input,250-400,91%,All browsers (via WebSocket),Medium (requires API key + WebSocket),4.30,8.5,Low (simple API key),Yes (custom dictionary),Yes (real-time streaming),"Tier 1 - Recommended (Speed)","Fastest latency (<400ms), excellent streaming, custom vocabulary support, affordable pricing","Requires stable internet, custom vocabulary requires setup","Best for real-time voice commands where latency is critical (<500ms requirement)"
AssemblyAI,Voice Input,700-1200,88%,All browsers (via REST API),Medium (REST API),12.00,8.0,Low (simple API key),Yes (entity detection),Partial (async batch),Tier 2 - Alternative,"Good accuracy, excellent punctuation, speaker diarization available","Higher latency than Deepgram, more expensive, limited streaming","Better for post-processing transcription than real-time commands"
OpenAI Whisper (API),Voice Input,1200-2500,95%,All browsers (via REST API),Low (standard OpenAI API),6.00,9.5,Low (simple API key),No (handles context),No (batch only),"Tier 1 - Recommended (Accuracy)","Best accuracy (95%+), handles accents/noise, multilingual (99 languages)","Higher latency (1-2.5s), requires audio file upload, no streaming","Best when accuracy is paramount and 1-2s latency is acceptable"
Google Cloud Speech-to-Text,Voice Input,600-900,89%,All browsers (via gRPC/REST),High (requires GCP setup),2.40,8.5,High (GCP account required),Yes (adaptation classes),Yes (streaming),Tier 2 - Alternative,"Affordable, good accuracy, robust streaming, integration with GCP","Complex setup (GCP project), overkill for small apps, vendor lock-in","Best for enterprise apps already using Google Cloud infrastructure"

# VOICE SYNTHESIS TECHNOLOGIES
Web Speech TTS,Voice Output,200-500,N/A,All browsers (native),Low (native browser API),Free,5.0,Minimal (no API key),Limited (SSML basic),No,"Tier 3 - Fallback Only","Zero cost, instant playback, works offline, no quota limits","Robotic quality, inconsistent voices across browsers, limited control","Emergency fallback when all TTS services fail or for demos"
ElevenLabs,Voice Output,800-1500,N/A,All browsers (via REST API),Low (simple API key),30.00,9.8,Low (simple API key),Yes (voice cloning),Yes (websocket streaming),"Tier 1 - Recommended (Quality)","Best-in-class naturalness, emotion control, voice cloning, multilingual","Most expensive option, moderate latency (0.8-1.5s), quota limits","Best when voice quality is paramount for production-ready applications"
PlayHT,Voice Output,600-1200,N/A,All browsers (via REST API),Medium (API key + voice IDs),12.00,8.5,Medium (voice selection),Yes (600+ voices),Yes (streaming),Tier 2 - Cost-Effective,"Affordable, 600+ voices, SSML support, good quality","Quality slightly below ElevenLabs, voice selection complexity","Best balance of cost and quality for budget-conscious production apps"
Resemble AI,Voice Output,400-800,N/A,All browsers (via REST API),Medium (API key + projects),18.00,8.8,Medium (project setup),Yes (voice cloning),Yes (real-time streaming),"Tier 1 - Speed Alternative","Low latency (<800ms), real-time streaming, voice cloning, emotional control","Smaller voice library than competitors, moderate pricing","Best for low-latency applications where <1s response time is critical"
Google Cloud TTS,Voice Output,500-1000,N/A,All browsers (via REST API),High (GCP setup),4.00,7.5,High (GCP account),Yes (380+ WaveNet voices),No (batch only),"Tier 2 - Enterprise Alternative","Most affordable, 380+ voices, WaveNet quality, GCP integration","Neural2 voices average quality, complex setup, no streaming","Best for enterprise apps already using GCP with cost constraints"

# ROUND-TRIP COMBINATIONS (Top 5)
Deepgram + Resemble AI,Round-Trip,1200-2200,91%,All browsers,Medium,22.30,8.7,Medium,"Yes (both services)","Yes (both services)",Tier 1 - Lowest Latency,"Fastest total round-trip (<2.5s avg), both support streaming, good accuracy","Higher combined cost, requires 2 API integrations","Best for real-time conversational UI where <3s round-trip is mandatory"
OpenAI Whisper + ElevenLabs,Round-Trip,2000-4000,95%,All browsers,Low,36.00,9.6,Low,"Whisper handles context, ElevenLabs voice cloning",Partial (ElevenLabs only),Tier 1 - Highest Quality,"Best accuracy + best quality, excellent for accents/noise, professional output","Highest latency (2-4s), most expensive, Whisper doesn't stream","Best for polished production apps where quality > speed"
Deepgram + PlayHT,Round-Trip,1450-2600,91%,All browsers,Medium,16.30,8.5,Medium,"Yes (both services)","Yes (both services)",Tier 1 - Best Value,"Affordable, fast (<3s avg), both stream, 600+ voice options","Quality slightly below ElevenLabs, moderate setup complexity","Best balance of speed, cost, and quality for most production apps"
Web Speech API + Web Speech TTS,Round-Trip,1000-1700,78%,Chrome/Edge,Low (native),Free,5.8,Minimal (no setup),"No (both services)",Yes (input only),Tier 2 - Free Fallback,"Zero cost, instant setup, works offline, no quota limits, no API keys","Inconsistent quality, browser-dependent accuracy, robotic voices","Perfect fallback for when all APIs fail or for free demos"
OpenAI Whisper + PlayHT,Round-Trip,1800-3700,95%,All browsers,Low,18.00,9.0,Low,"Whisper handles context, PlayHT SSML",Partial (PlayHT only),"Tier 1 - Accuracy + Value","Best accuracy, affordable TTS, good voice selection, simple setup","Moderate latency (1.8-3.7s), Whisper doesn't stream","Best for apps prioritizing accuracy with budget constraints"
